-- phpMyAdmin SQL Dump
-- version 5.2.1
-- https://www.phpmyadmin.net/
--
-- Host: 127.0.0.1
-- Creato il: Mag 31, 2024 alle 00:59
-- Versione del server: 10.4.32-MariaDB
-- Versione PHP: 8.2.12

SET SQL_MODE = "NO_AUTO_VALUE_ON_ZERO";
START TRANSACTION;
SET time_zone = "+00:00";


/*!40101 SET @OLD_CHARACTER_SET_CLIENT=@@CHARACTER_SET_CLIENT */;
/*!40101 SET @OLD_CHARACTER_SET_RESULTS=@@CHARACTER_SET_RESULTS */;
/*!40101 SET @OLD_COLLATION_CONNECTION=@@COLLATION_CONNECTION */;
/*!40101 SET NAMES utf8mb4 */;

--
-- Database: `sanita`
--

-- --------------------------------------------------------

--
-- Struttura della tabella `giornate`
--

CREATE TABLE `giornate` (
  `id_giornate` int(11) NOT NULL,
  `anno` varchar(4) NOT NULL,
  `id_regione` int(11) NOT NULL,
  `giornate` int(10) NOT NULL,
  `id_specializzazione_clinicha` int(11) NOT NULL
) ENGINE=InnoDB DEFAULT CHARSET=utf8mb4 COLLATE=utf8mb4_general_ci;

--
-- Dump dei dati per la tabella `giornate`
--

INSERT INTO `giornate` (`id_giornate`, `anno`, `id_regione`, `giornate`, `id_specializzazione_clinicha`) VALUES
(1, '2020', 1, 2708370, 1),
(2, '2020', 1, 255656, 2),
(3, '2020', 1, 803542, 3),
(4, '2021', 1, 2836201, 1),
(5, '2021', 1, 219287, 2),
(6, '2021', 1, 825502, 3),
(7, '2020', 2, 101538, 1),
(8, '2020', 2, 2504, 2),
(9, '2020', 2, 10602, 3),
(10, '2021', 2, 107787, 1),
(11, '2021', 2, 0, 2),
(12, '2021', 2, 15393, 3),
(13, '2020', 7, 1162099, 1),
(14, '2020', 7, 60905, 2),
(15, '2020', 7, 172261, 3),
(16, '2021', 7, 1181012, 1),
(17, '2021', 7, 40972, 2),
(18, '2021', 7, 177144, 3),
(19, '2020', 3, 6585557, 1),
(20, '2020', 3, 102639, 2),
(21, '2020', 3, 1671712, 3),
(22, '2021', 3, 6614192, 1),
(23, '2021', 3, 114421, 2),
(24, '2021', 3, 1604773, 3),
(25, '2020', 4, 666856, 1),
(26, '2020', 4, 94206, 2),
(27, '2020', 4, 153173, 3),
(28, '2021', 4, 687446, 1),
(29, '2021', 4, 94165, 2),
(30, '2021', 4, 169037, 3),
(31, '2020', 5, 3454050, 1),
(32, '2020', 5, 122131, 2),
(33, '2020', 5, 525635, 3),
(34, '2021', 5, 3516386, 1),
(35, '2021', 5, 46886, 2),
(36, '2021', 5, 492229, 3),
(37, '2020', 6, 866124, 1),
(38, '2020', 6, 17543, 2),
(39, '2020', 6, 62554, 3),
(40, '2021', 6, 912196, 1),
(41, '2021', 6, 17607, 2),
(42, '2021', 6, 30109, 3),
(43, '2020', 8, 3381067, 1),
(44, '2020', 8, 480081, 2),
(45, '2020', 8, 396723, 3),
(46, '2021', 8, 3607058, 1),
(47, '2021', 8, 445447, 2),
(48, '2021', 8, 385299, 3),
(49, '2020', 9, 2225143, 1),
(50, '2020', 9, 30934, 2),
(51, '2020', 9, 195820, 3),
(52, '2021', 9, 2371754, 1),
(53, '2021', 9, 31960, 2),
(54, '2021', 9, 201337, 3),
(55, '2020', 10, 582598, 1),
(56, '2020', 10, 15438, 2),
(57, '2020', 10, 85500, 3),
(58, '2021', 10, 628429, 1),
(59, '2021', 10, 15193, 2),
(60, '2021', 10, 85392, 3),
(61, '2020', 11, 959598, 1),
(62, '2020', 11, 65156, 2),
(63, '2020', 11, 134757, 3),
(64, '2021', 11, 982023, 1),
(65, '2021', 11, 55639, 2),
(66, '2021', 11, 132422, 3),
(67, '2020', 12, 3611107, 1),
(68, '2020', 12, 184784, 2),
(69, '2020', 12, 738035, 3),
(70, '2021', 12, 3786927, 1),
(71, '2021', 12, 173038, 2),
(72, '2021', 12, 724199, 3),
(73, '2020', 13, 799718, 1),
(74, '2020', 13, 27869, 2),
(75, '2020', 13, 125051, 3),
(76, '2021', 13, 862894, 1),
(77, '2021', 13, 24768, 2),
(78, '2021', 13, 125770, 3),
(79, '2020', 14, 188652, 1),
(80, '2020', 14, 771, 2),
(81, '2020', 14, 35453, 3),
(82, '2021', 14, 195071, 1),
(83, '2021', 14, 727, 2),
(84, '2021', 14, 34162, 3),
(85, '2020', 15, 2664260, 1),
(86, '2020', 15, 124666, 2),
(87, '2020', 15, 348354, 3),
(88, '2021', 15, 2841771, 1),
(89, '2021', 15, 123356, 2),
(90, '2021', 15, 387281, 3),
(91, '2020', 16, 2191514, 1),
(92, '2020', 16, 42801, 2),
(93, '2020', 16, 310374, 3),
(94, '2021', 16, 2373392, 1),
(95, '2021', 16, 34170, 2),
(96, '2021', 16, 316614, 3),
(97, '2020', 17, 282955, 1),
(98, '2020', 17, 25366, 2),
(99, '2020', 17, 31617, 3),
(100, '2021', 17, 300020, 1),
(101, '2021', 17, 30555, 2),
(102, '2021', 17, 32695, 3),
(103, '2020', 18, 767089, 1),
(104, '2020', 18, 27880, 2),
(105, '2020', 18, 169156, 3),
(106, '2021', 18, 828681, 1),
(107, '2021', 18, 45787, 2),
(108, '2021', 18, 177648, 3),
(109, '2020', 19, 2520019, 1),
(110, '2020', 19, 77748, 2),
(111, '2020', 19, 474191, 3),
(112, '2021', 19, 2768511, 1),
(113, '2021', 19, 63527, 2),
(114, '2021', 19, 483568, 3),
(115, '2020', 20, 946834, 1),
(116, '2020', 20, 41727, 2),
(117, '2020', 20, 61598, 3),
(118, '2021', 20, 1036930, 1),
(119, '2021', 20, 32675, 2),
(120, '2021', 20, 78389, 3);

-- --------------------------------------------------------

--
-- Struttura della tabella `popolazione`
--

CREATE TABLE `popolazione` (
  `id_regione` int(11) NOT NULL,
  `sesso` enum('Femmine','Maschi') NOT NULL,
  `fascia` enum('0-18','19-35','36-60','61-120') NOT NULL,
  `anno` varchar(4) NOT NULL,
  `popolazione` int(10) NOT NULL
) ENGINE=InnoDB DEFAULT CHARSET=utf8mb4 COLLATE=utf8mb4_general_ci;

--
-- Dump dei dati per la tabella `popolazione`
--

INSERT INTO `popolazione` (`id_regione`, `sesso`, `fascia`, `anno`, `popolazione`) VALUES
(1, 'Femmine', '0-18', '2021', 321159),
(1, 'Femmine', '19-35', '2021', 337436),
(1, 'Femmine', '36-60', '2021', 774935),
(1, 'Femmine', '61-120', '2021', 748975),
(2, 'Femmine', '0-18', '2021', 9710),
(2, 'Femmine', '19-35', '2021', 9916),
(2, 'Femmine', '36-60', '2021', 22867),
(2, 'Femmine', '61-120', '2021', 20454),
(3, 'Femmine', '0-18', '2021', 818373),
(3, 'Femmine', '19-35', '2021', 839331),
(3, 'Femmine', '36-60', '2021', 1836751),
(3, 'Femmine', '61-120', '2021', 1567021),
(4, 'Femmine', '0-18', '2021', 98106),
(4, 'Femmine', '19-35', '2021', 97485),
(4, 'Femmine', '36-60', '2021', 191501),
(4, 'Femmine', '61-120', '2021', 156013),
(5, 'Femmine', '0-18', '2021', 388010),
(5, 'Femmine', '19-35', '2021', 401368),
(5, 'Femmine', '36-60', '2021', 897573),
(5, 'Femmine', '61-120', '2021', 780051),
(6, 'Femmine', '0-18', '2021', 87847),
(6, 'Femmine', '19-35', '2021', 91551),
(6, 'Femmine', '36-60', '2021', 217401),
(6, 'Femmine', '61-120', '2021', 215144),
(7, 'Femmine', '0-18', '2021', 104081),
(7, 'Femmine', '19-35', '2021', 112840),
(7, 'Femmine', '36-60', '2021', 271378),
(7, 'Femmine', '61-120', '2021', 295107),
(8, 'Femmine', '0-18', '2021', 348654),
(8, 'Femmine', '19-35', '2021', 360695),
(8, 'Femmine', '36-60', '2021', 824205),
(8, 'Femmine', '61-120', '2021', 728277),
(9, 'Femmine', '0-18', '2021', 275517),
(9, 'Femmine', '19-35', '2021', 287666),
(9, 'Femmine', '36-60', '2021', 682132),
(9, 'Femmine', '61-120', '2021', 641070),
(10, 'Femmine', '0-18', '2021', 65116),
(10, 'Femmine', '19-35', '2021', 67788),
(10, 'Femmine', '36-60', '2021', 158238),
(10, 'Femmine', '61-120', '2021', 152475),
(11, 'Femmine', '0-18', '2021', 113765),
(11, 'Femmine', '19-35', '2021', 119612),
(11, 'Femmine', '36-60', '2021', 271676),
(11, 'Femmine', '61-120', '2021', 256627),
(12, 'Femmine', '0-18', '2021', 462384),
(12, 'Femmine', '19-35', '2021', 470935),
(12, 'Femmine', '36-60', '2021', 1112822),
(12, 'Femmine', '61-120', '2021', 900385),
(13, 'Femmine', '0-18', '2021', 97234),
(13, 'Femmine', '19-35', '2021', 105598),
(13, 'Femmine', '36-60', '2021', 234510),
(13, 'Femmine', '61-120', '2021', 214446),
(14, 'Femmine', '0-18', '2021', 20289),
(14, 'Femmine', '19-35', '2021', 24524),
(14, 'Femmine', '36-60', '2021', 51982),
(14, 'Femmine', '61-120', '2021', 51342),
(15, 'Femmine', '0-18', '2021', 506796),
(15, 'Femmine', '19-35', '2021', 549972),
(15, 'Femmine', '36-60', '2021', 1034931),
(15, 'Femmine', '61-120', '2021', 785144),
(16, 'Femmine', '0-18', '2021', 316257),
(16, 'Femmine', '19-35', '2021', 353247),
(16, 'Femmine', '36-60', '2021', 720402),
(16, 'Femmine', '61-120', '2021', 622126),
(17, 'Femmine', '0-18', '2021', 39835),
(17, 'Femmine', '19-35', '2021', 47544),
(17, 'Femmine', '36-60', '2021', 97689),
(17, 'Femmine', '61-120', '2021', 89622),
(18, 'Femmine', '0-18', '2021', 153267),
(18, 'Femmine', '19-35', '2021', 169943),
(18, 'Femmine', '36-60', '2021', 334679),
(18, 'Femmine', '61-120', '2021', 289076),
(19, 'Femmine', '0-18', '2021', 414521),
(19, 'Femmine', '19-35', '2021', 445841),
(19, 'Femmine', '36-60', '2021', 872953),
(19, 'Femmine', '61-120', '2021', 746241),
(20, 'Femmine', '0-18', '2021', 107896),
(20, 'Femmine', '19-35', '2021', 122784),
(20, 'Femmine', '36-60', '2021', 302163),
(20, 'Femmine', '61-120', '2021', 275900),
(1, 'Maschi', '0-18', '2020', 344788),
(1, 'Maschi', '19-35', '2020', 366072),
(1, 'Maschi', '36-60', '2020', 770580),
(1, 'Maschi', '61-120', '2020', 597798),
(2, 'Maschi', '0-18', '2020', 10508),
(2, 'Maschi', '19-35', '2020', 10571),
(2, 'Maschi', '36-60', '2020', 22937),
(2, 'Maschi', '61-120', '2020', 16694),
(3, 'Maschi', '0-18', '2020', 878852),
(3, 'Maschi', '19-35', '2020', 902446),
(3, 'Maschi', '36-60', '2020', 1881564),
(3, 'Maschi', '61-120', '2020', 1232270),
(4, 'Maschi', '0-18', '2020', 104947),
(4, 'Maschi', '19-35', '2020', 105412),
(4, 'Maschi', '36-60', '2020', 194509),
(4, 'Maschi', '61-120', '2020', 127305),
(5, 'Maschi', '0-18', '2020', 417014),
(5, 'Maschi', '19-35', '2020', 432044),
(5, 'Maschi', '36-60', '2020', 913872),
(5, 'Maschi', '61-120', '2020', 628059),
(6, 'Maschi', '0-18', '2020', 93902),
(6, 'Maschi', '19-35', '2020', 100476),
(6, 'Maschi', '36-60', '2020', 221979),
(6, 'Maschi', '61-120', '2020', 169438),
(7, 'Maschi', '0-18', '2020', 111987),
(7, 'Maschi', '19-35', '2020', 122952),
(7, 'Maschi', '36-60', '2020', 267299),
(7, 'Maschi', '61-120', '2020', 226520),
(8, 'Maschi', '0-18', '2020', 375047),
(8, 'Maschi', '19-35', '2020', 388640),
(8, 'Maschi', '36-60', '2020', 823233),
(8, 'Maschi', '61-120', '2020', 578813),
(9, 'Maschi', '0-18', '2020', 297231),
(9, 'Maschi', '19-35', '2020', 311800),
(9, 'Maschi', '36-60', '2020', 671243),
(9, 'Maschi', '61-120', '2020', 508064),
(10, 'Maschi', '0-18', '2020', 69899),
(10, 'Maschi', '19-35', '2020', 73174),
(10, 'Maschi', '36-60', '2020', 152983),
(10, 'Maschi', '61-120', '2020', 121605),
(11, 'Maschi', '0-18', '2020', 122986),
(11, 'Maschi', '19-35', '2020', 130478),
(11, 'Maschi', '36-60', '2020', 270152),
(11, 'Maschi', '61-120', '2020', 205894),
(12, 'Maschi', '0-18', '2020', 494420),
(12, 'Maschi', '19-35', '2020', 508228),
(12, 'Maschi', '36-60', '2020', 1065894),
(12, 'Maschi', '61-120', '2020', 698375),
(13, 'Maschi', '0-18', '2020', 104432),
(13, 'Maschi', '19-35', '2020', 114923),
(13, 'Maschi', '36-60', '2020', 232363),
(13, 'Maschi', '61-120', '2020', 173778),
(14, 'Maschi', '0-18', '2020', 22425),
(14, 'Maschi', '19-35', '2020', 27751),
(14, 'Maschi', '36-60', '2020', 52795),
(14, 'Maschi', '61-120', '2020', 41867),
(15, 'Maschi', '0-18', '2020', 546065),
(15, 'Maschi', '19-35', '2020', 575337),
(15, 'Maschi', '36-60', '2020', 990045),
(15, 'Maschi', '61-120', '2020', 627424),
(16, 'Maschi', '0-18', '2020', 341465),
(16, 'Maschi', '19-35', '2020', 375993),
(16, 'Maschi', '36-60', '2020', 695688),
(16, 'Maschi', '61-120', '2020', 499954),
(17, 'Maschi', '0-18', '2020', 43767),
(17, 'Maschi', '19-35', '2020', 53274),
(17, 'Maschi', '36-60', '2020', 97670),
(17, 'Maschi', '61-120', '2020', 73238),
(18, 'Maschi', '0-18', '2020', 164632),
(18, 'Maschi', '19-35', '2020', 181158),
(18, 'Maschi', '36-60', '2020', 321551),
(18, 'Maschi', '61-120', '2020', 240559),
(19, 'Maschi', '0-18', '2020', 444079),
(19, 'Maschi', '19-35', '2020', 469850),
(19, 'Maschi', '36-60', '2020', 837731),
(19, 'Maschi', '61-120', '2020', 594894),
(20, 'Maschi', '0-18', '2020', 117790),
(20, 'Maschi', '19-35', '2020', 133676),
(20, 'Maschi', '36-60', '2020', 303238),
(20, 'Maschi', '61-120', '2020', 223334),
(1, 'Maschi', '0-18', '2021', 340767),
(1, 'Maschi', '19-35', '2021', 364209),
(1, 'Maschi', '36-60', '2021', 765077),
(1, 'Maschi', '61-120', '2021', 603792),
(2, 'Maschi', '0-18', '2021', 10357),
(2, 'Maschi', '19-35', '2021', 10499),
(2, 'Maschi', '36-60', '2021', 22693),
(2, 'Maschi', '61-120', '2021', 16864),
(3, 'Maschi', '0-18', '2021', 869353),
(3, 'Maschi', '19-35', '2021', 894843),
(3, 'Maschi', '36-60', '2021', 1866930),
(3, 'Maschi', '61-120', '2021', 1250402),
(4, 'Maschi', '0-18', '2021', 104575),
(4, 'Maschi', '19-35', '2021', 104127),
(4, 'Maschi', '36-60', '2021', 191469),
(4, 'Maschi', '61-120', '2021', 130298),
(5, 'Maschi', '0-18', '2021', 411630),
(5, 'Maschi', '19-35', '2021', 427073),
(5, 'Maschi', '36-60', '2021', 902618),
(5, 'Maschi', '61-120', '2021', 639422),
(6, 'Maschi', '0-18', '2021', 92818),
(6, 'Maschi', '19-35', '2021', 99985),
(6, 'Maschi', '36-60', '2021', 218998),
(6, 'Maschi', '61-120', '2021', 170903),
(7, 'Maschi', '0-18', '2021', 110416),
(7, 'Maschi', '19-35', '2021', 122368),
(7, 'Maschi', '36-60', '2021', 264810),
(7, 'Maschi', '61-120', '2021', 228227),
(8, 'Maschi', '0-18', '2021', 371602),
(8, 'Maschi', '19-35', '2021', 387095),
(8, 'Maschi', '36-60', '2021', 818644),
(8, 'Maschi', '61-120', '2021', 586194),
(9, 'Maschi', '0-18', '2021', 292871),
(9, 'Maschi', '19-35', '2021', 306422),
(9, 'Maschi', '36-60', '2021', 663974),
(9, 'Maschi', '61-120', '2021', 513539),
(10, 'Maschi', '0-18', '2021', 68891),
(10, 'Maschi', '19-35', '2021', 71929),
(10, 'Maschi', '36-60', '2021', 151433),
(10, 'Maschi', '61-120', '2021', 122942),
(11, 'Maschi', '0-18', '2021', 120899),
(11, 'Maschi', '19-35', '2021', 129331),
(11, 'Maschi', '36-60', '2021', 267531),
(11, 'Maschi', '61-120', '2021', 207709),
(12, 'Maschi', '0-18', '2021', 489562),
(12, 'Maschi', '19-35', '2021', 501887),
(12, 'Maschi', '36-60', '2021', 1066286),
(12, 'Maschi', '61-120', '2021', 710621),
(13, 'Maschi', '0-18', '2021', 103134),
(13, 'Maschi', '19-35', '2021', 113152),
(13, 'Maschi', '36-60', '2021', 231688),
(13, 'Maschi', '61-120', '2021', 176188),
(14, 'Maschi', '0-18', '2021', 21992),
(14, 'Maschi', '19-35', '2021', 27267),
(14, 'Maschi', '36-60', '2021', 52405),
(14, 'Maschi', '61-120', '2021', 42349),
(15, 'Maschi', '0-18', '2021', 536267),
(15, 'Maschi', '19-35', '2021', 571138),
(15, 'Maschi', '36-60', '2021', 997966),
(15, 'Maschi', '61-120', '2021', 642206),
(16, 'Maschi', '0-18', '2021', 335255),
(16, 'Maschi', '19-35', '2021', 373359),
(16, 'Maschi', '36-60', '2021', 694073),
(16, 'Maschi', '61-120', '2021', 508222),
(17, 'Maschi', '0-18', '2021', 42791),
(17, 'Maschi', '19-35', '2021', 52386),
(17, 'Maschi', '36-60', '2021', 96914),
(17, 'Maschi', '61-120', '2021', 74387),
(18, 'Maschi', '0-18', '2021', 162262),
(18, 'Maschi', '19-35', '2021', 178779),
(18, 'Maschi', '36-60', '2021', 322215),
(18, 'Maschi', '61-120', '2021', 245233),
(19, 'Maschi', '0-18', '2021', 438752),
(19, 'Maschi', '19-35', '2021', 468067),
(19, 'Maschi', '36-60', '2021', 841374),
(19, 'Maschi', '61-120', '2021', 605580),
(20, 'Maschi', '0-18', '2021', 115611),
(20, 'Maschi', '19-35', '2021', 131943),
(20, 'Maschi', '36-60', '2021', 303057),
(20, 'Maschi', '61-120', '2021', 228059),
(1, 'Femmine', '0-18', '2020', 325419),
(1, 'Femmine', '19-35', '2020', 340526),
(1, 'Femmine', '36-60', '2020', 783546),
(1, 'Femmine', '61-120', '2020', 745184),
(2, 'Femmine', '0-18', '2020', 9869),
(2, 'Femmine', '19-35', '2020', 10032),
(2, 'Femmine', '36-60', '2020', 23179),
(2, 'Femmine', '61-120', '2020', 20274),
(3, 'Femmine', '0-18', '2020', 826939),
(3, 'Femmine', '19-35', '2020', 849468),
(3, 'Femmine', '36-60', '2020', 1854590),
(3, 'Femmine', '61-120', '2020', 1553355),
(4, 'Femmine', '0-18', '2020', 98345),
(4, 'Femmine', '19-35', '2020', 98520),
(4, 'Femmine', '36-60', '2020', 194128),
(4, 'Femmine', '61-120', '2020', 153658),
(5, 'Femmine', '0-18', '2020', 392913),
(5, 'Femmine', '19-35', '2020', 405779),
(5, 'Femmine', '36-60', '2020', 907417),
(5, 'Femmine', '61-120', '2020', 771630),
(6, 'Femmine', '0-18', '2020', 88837),
(6, 'Femmine', '19-35', '2020', 92354),
(6, 'Femmine', '36-60', '2020', 219697),
(6, 'Femmine', '61-120', '2020', 214365),
(7, 'Femmine', '0-18', '2020', 105492),
(7, 'Femmine', '19-35', '2020', 113681),
(7, 'Femmine', '36-60', '2020', 275173),
(7, 'Femmine', '61-120', '2020', 294885),
(8, 'Femmine', '0-18', '2020', 352007),
(8, 'Femmine', '19-35', '2020', 364110),
(8, 'Femmine', '36-60', '2020', 831685),
(8, 'Femmine', '61-120', '2020', 724090),
(9, 'Femmine', '0-18', '2020', 279508),
(9, 'Femmine', '19-35', '2020', 294274),
(9, 'Femmine', '36-60', '2020', 691223),
(9, 'Femmine', '61-120', '2020', 638416),
(10, 'Femmine', '0-18', '2020', 66089),
(10, 'Femmine', '19-35', '2020', 69369),
(10, 'Femmine', '36-60', '2020', 160348),
(10, 'Femmine', '61-120', '2020', 151729),
(11, 'Femmine', '0-18', '2020', 115572),
(11, 'Femmine', '19-35', '2020', 121829),
(11, 'Femmine', '36-60', '2020', 275022),
(11, 'Femmine', '61-120', '2020', 255863),
(12, 'Femmine', '0-18', '2020', 466558),
(12, 'Femmine', '19-35', '2020', 481294),
(12, 'Femmine', '36-60', '2020', 1123513),
(12, 'Femmine', '61-120', '2020', 890795),
(13, 'Femmine', '0-18', '2020', 98206),
(13, 'Femmine', '19-35', '2020', 107948),
(13, 'Femmine', '36-60', '2020', 236478),
(13, 'Femmine', '61-120', '2020', 212502),
(14, 'Femmine', '0-18', '2020', 20671),
(14, 'Femmine', '19-35', '2020', 25073),
(14, 'Femmine', '36-60', '2020', 52664),
(14, 'Femmine', '61-120', '2020', 50941),
(15, 'Femmine', '0-18', '2020', 516208),
(15, 'Femmine', '19-35', '2020', 556897),
(15, 'Femmine', '36-60', '2020', 1037576),
(15, 'Femmine', '61-120', '2020', 773895),
(16, 'Femmine', '0-18', '2020', 322846),
(16, 'Femmine', '19-35', '2020', 357682),
(16, 'Femmine', '36-60', '2020', 724459),
(16, 'Femmine', '61-120', '2020', 614983),
(17, 'Femmine', '0-18', '2020', 40822),
(17, 'Femmine', '19-35', '2020', 48534),
(17, 'Femmine', '36-60', '2020', 99068),
(17, 'Femmine', '61-120', '2020', 88601),
(18, 'Femmine', '0-18', '2020', 155320),
(18, 'Femmine', '19-35', '2020', 174189),
(18, 'Femmine', '36-60', '2020', 337172),
(18, 'Femmine', '61-120', '2020', 285619),
(19, 'Femmine', '0-18', '2020', 419441),
(19, 'Femmine', '19-35', '2020', 451664),
(19, 'Femmine', '36-60', '2020', 877674),
(19, 'Femmine', '61-120', '2020', 737543),
(20, 'Femmine', '0-18', '2020', 109978),
(20, 'Femmine', '19-35', '2020', 125147),
(20, 'Femmine', '36-60', '2020', 304881),
(20, 'Femmine', '61-120', '2020', 271647);

-- --------------------------------------------------------

--
-- Struttura della tabella `posti_letto`
--

CREATE TABLE `posti_letto` (
  `id_posti_letto` int(11) NOT NULL,
  `anno` varchar(4) NOT NULL,
  `id_regione` int(11) NOT NULL,
  `posti_letto` int(10) NOT NULL,
  `id_specializzazione_clinicha` int(11) NOT NULL
) ENGINE=InnoDB DEFAULT CHARSET=utf8mb4 COLLATE=utf8mb4_general_ci;

--
-- Dump dei dati per la tabella `posti_letto`
--

INSERT INTO `posti_letto` (`id_posti_letto`, `anno`, `id_regione`, `posti_letto`, `id_specializzazione_clinicha`) VALUES
(1, '2020', 1, 10428, 1),
(2, '2020', 1, 905, 2),
(3, '2020', 1, 3201, 3),
(4, '2021', 1, 15026, 1),
(5, '2021', 1, 1056, 2),
(6, '2021', 1, 3117, 3),
(7, '2020', 20, 4360, 1),
(8, '2020', 20, 184, 2),
(9, '2020', 20, 244, 3),
(10, '2021', 20, 4757, 1),
(11, '2021', 20, 177, 2),
(12, '2021', 20, 220, 3),
(13, '2020', 19, 11695, 1),
(14, '2020', 19, 398, 2),
(15, '2020', 19, 1794, 3),
(16, '2021', 19, 12946, 1),
(17, '2021', 19, 346, 2),
(18, '2021', 19, 1778, 3),
(19, '2020', 18, 4028, 1),
(20, '2020', 18, 276, 2),
(21, '2020', 18, 652, 3),
(22, '2021', 18, 4139, 1),
(23, '2021', 18, 271, 2),
(24, '2021', 18, 716, 3),
(25, '2020', 17, 1267, 1),
(26, '2020', 17, 139, 2),
(27, '2020', 17, 163, 3),
(28, '2021', 17, 1378, 1),
(29, '2021', 17, 174, 2),
(30, '2021', 17, 163, 3),
(31, '2020', 16, 10127, 1),
(32, '2020', 16, 189, 2),
(33, '2020', 16, 1249, 3),
(34, '2021', 16, 12042, 1),
(35, '2021', 16, 374, 2),
(36, '2021', 16, 1376, 3),
(37, '2020', 2, 391, 1),
(38, '2020', 2, 16, 2),
(39, '2020', 2, 78, 3),
(40, '2021', 2, 432, 1),
(41, '2021', 2, 16, 2),
(42, '2021', 2, 78, 3),
(43, '2020', 7, 4102, 1),
(44, '2020', 7, 274, 2),
(45, '2020', 7, 662, 3),
(46, '2021', 7, 4393, 1),
(47, '2021', 7, 141, 2),
(48, '2021', 7, 605, 3),
(49, '2020', 3, 27532, 1),
(50, '2020', 3, 729, 2),
(51, '2020', 3, 6415, 3),
(52, '2021', 3, 34818, 1),
(53, '2021', 3, 663, 2),
(54, '2021', 3, 6371, 3),
(55, '2020', 4, 2820, 1),
(56, '2020', 4, 313, 2),
(57, '2020', 4, 537, 3),
(58, '2021', 4, 3153, 1),
(59, '2021', 4, 354, 2),
(60, '2021', 4, 558, 3),
(61, '2020', 5, 13365, 1),
(62, '2020', 5, 675, 2),
(63, '2020', 5, 1798, 3),
(64, '2021', 5, 13912, 1),
(65, '2021', 5, 292, 2),
(66, '2021', 5, 1746, 3),
(67, '2020', 6, 3414, 1),
(68, '2020', 6, 44, 2),
(69, '2020', 6, 256, 3),
(70, '2021', 6, 3783, 1),
(71, '2021', 6, 44, 2),
(72, '2021', 6, 256, 3),
(73, '2020', 8, 11904, 1),
(74, '2020', 8, 1767, 2),
(75, '2020', 8, 1244, 3),
(76, '2021', 8, 13356, 1),
(77, '2021', 8, 1818, 2),
(78, '2021', 8, 1273, 3),
(79, '2020', 9, 9161, 1),
(80, '2020', 9, 185, 2),
(81, '2020', 9, 908, 3),
(82, '2021', 9, 9372, 1),
(83, '2021', 9, 205, 2),
(84, '2021', 9, 940, 3),
(85, '2020', 10, 2434, 1),
(86, '2020', 10, 53, 2),
(87, '2020', 10, 345, 3),
(88, '2021', 10, 2484, 1),
(89, '2021', 10, 77, 2),
(90, '2021', 10, 312, 3),
(91, '2020', 11, 3886, 1),
(92, '2020', 11, 319, 2),
(93, '2020', 11, 449, 3),
(94, '2021', 11, 4712, 1),
(95, '2021', 11, 354, 2),
(96, '2021', 11, 449, 3),
(97, '2020', 12, 14228, 1),
(98, '2020', 12, 728, 2),
(99, '2020', 12, 2757, 3),
(100, '2021', 12, 17379, 1),
(101, '2021', 12, 736, 2),
(102, '2021', 12, 2799, 3),
(103, '2020', 13, 3255, 1),
(104, '2020', 13, 145, 2),
(105, '2020', 13, 483, 3),
(106, '2021', 13, 3575, 1),
(107, '2021', 13, 147, 2),
(108, '2021', 13, 488, 3),
(109, '2020', 14, 762, 1),
(110, '2020', 14, 3, 2),
(111, '2020', 14, 126, 3),
(112, '2021', 14, 805, 1),
(113, '2021', 14, 3, 2),
(114, '2021', 14, 126, 3),
(115, '2020', 15, 12448, 1),
(116, '2020', 15, 714, 2),
(117, '2020', 15, 1490, 3),
(118, '2021', 15, 14247, 1),
(119, '2021', 15, 741, 2),
(120, '2021', 15, 1499, 3);

-- --------------------------------------------------------

--
-- Struttura della tabella `regioni`
--

CREATE TABLE `regioni` (
  `id_regione` int(11) NOT NULL,
  `nome` varchar(30) NOT NULL
) ENGINE=InnoDB DEFAULT CHARSET=utf8mb4 COLLATE=utf8mb4_general_ci;

--
-- Dump dei dati per la tabella `regioni`
--

INSERT INTO `regioni` (`id_regione`, `nome`) VALUES
(1, 'Piemonte'),
(2, 'Valle D\'Aosta'),
(3, 'Lombardia'),
(4, 'Trentino Alto Adige'),
(5, 'Veneto'),
(6, 'Friuli Venezia Giulia'),
(7, 'Liguria'),
(8, 'Emilia Romagna'),
(9, 'Toscana'),
(10, 'Umbria'),
(11, 'Marche'),
(12, 'Lazio'),
(13, 'Abruzzo'),
(14, 'Molise'),
(15, 'Campania'),
(16, 'Puglia'),
(17, 'Basilicata'),
(18, 'Calabria'),
(19, 'Sicilia'),
(20, 'Sardegna');

-- --------------------------------------------------------

--
-- Struttura della tabella `specializzazioni_cliniche`
--

CREATE TABLE `specializzazioni_cliniche` (
  `id_specializzazione_clinica` int(11) NOT NULL,
  `specializzazione_clinica` varchar(30) NOT NULL
) ENGINE=InnoDB DEFAULT CHARSET=utf8mb4 COLLATE=utf8mb4_general_ci;

--
-- Dump dei dati per la tabella `specializzazioni_cliniche`
--

INSERT INTO `specializzazioni_cliniche` (`id_specializzazione_clinica`, `specializzazione_clinica`) VALUES
(1, 'per acuti'),
(2, 'lungodegenza'),
(3, 'riabilitazione');

--
-- Indici per le tabelle scaricate
--

--
-- Indici per le tabelle `giornate`
--
ALTER TABLE `giornate`
  ADD PRIMARY KEY (`id_giornate`),
  ADD KEY `id_regione_fk` (`id_regione`),
  ADD KEY `id_specializzazione_cliniche` (`id_specializzazione_clinicha`);

--
-- Indici per le tabelle `popolazione`
--
ALTER TABLE `popolazione`
  ADD KEY `id_regione` (`id_regione`);

--
-- Indici per le tabelle `posti_letto`
--
ALTER TABLE `posti_letto`
  ADD PRIMARY KEY (`id_posti_letto`),
  ADD KEY `id_regione_fk` (`id_regione`),
  ADD KEY `id_specializzazione_cliniche` (`id_specializzazione_clinicha`);

--
-- Indici per le tabelle `regioni`
--
ALTER TABLE `regioni`
  ADD PRIMARY KEY (`id_regione`);

--
-- Indici per le tabelle `specializzazioni_cliniche`
--
ALTER TABLE `specializzazioni_cliniche`
  ADD PRIMARY KEY (`id_specializzazione_clinica`);

--
-- AUTO_INCREMENT per le tabelle scaricate
--

--
-- AUTO_INCREMENT per la tabella `giornate`
--
ALTER TABLE `giornate`
  MODIFY `id_giornate` int(11) NOT NULL AUTO_INCREMENT, AUTO_INCREMENT=121;

--
-- AUTO_INCREMENT per la tabella `posti_letto`
--
ALTER TABLE `posti_letto`
  MODIFY `id_posti_letto` int(11) NOT NULL AUTO_INCREMENT, AUTO_INCREMENT=121;

--
-- AUTO_INCREMENT per la tabella `regioni`
--
ALTER TABLE `regioni`
  MODIFY `id_regione` int(11) NOT NULL AUTO_INCREMENT, AUTO_INCREMENT=21;

--
-- AUTO_INCREMENT per la tabella `specializzazioni_cliniche`
--
ALTER TABLE `specializzazioni_cliniche`
  MODIFY `id_specializzazione_clinica` int(11) NOT NULL AUTO_INCREMENT, AUTO_INCREMENT=6;

--
-- Limiti per le tabelle scaricate
--

--
-- Limiti per la tabella `giornate`
--
ALTER TABLE `giornate`
  ADD CONSTRAINT `id_regione_fk2` FOREIGN KEY (`id_regione`) REFERENCES `regioni` (`id_regione`) ON DELETE CASCADE ON UPDATE CASCADE,
  ADD CONSTRAINT `id_specializzazione_cliniche_fk` FOREIGN KEY (`id_specializzazione_clinicha`) REFERENCES `specializzazioni_cliniche` (`id_specializzazione_clinica`) ON DELETE CASCADE ON UPDATE CASCADE;

--
-- Limiti per la tabella `popolazione`
--
ALTER TABLE `popolazione`
  ADD CONSTRAINT `id_regione` FOREIGN KEY (`id_regione`) REFERENCES `regioni` (`id_regione`) ON DELETE CASCADE ON UPDATE CASCADE;

--
-- Limiti per la tabella `posti_letto`
--
ALTER TABLE `posti_letto`
  ADD CONSTRAINT `id_regione_fk` FOREIGN KEY (`id_regione`) REFERENCES `regioni` (`id_regione`) ON DELETE CASCADE ON UPDATE CASCADE,
  ADD CONSTRAINT `id_specializzazione_cliniche` FOREIGN KEY (`id_specializzazione_clinicha`) REFERENCES `specializzazioni_cliniche` (`id_specializzazione_clinica`);
COMMIT;

/*!40101 SET CHARACTER_SET_CLIENT=@OLD_CHARACTER_SET_CLIENT */;
/*!40101 SET CHARACTER_SET_RESULTS=@OLD_CHARACTER_SET_RESULTS */;
/*!40101 SET COLLATION_CONNECTION=@OLD_COLLATION_CONNECTION */;
